username,full_name,location,email,followers,public_repos,company,bio,blog,profile_url,scraped_at,talent_score
coreyd303,Corey Davis,Remote,,26,77,Henry Meds,"Mobile Developer: iOS, Swift, SwiftUI, XCode, Quick Spec, MVVM-C, MVVM-I",,https://github.com/coreyd303,2025-12-07T17:26:25.060018,129
knight6700,Faris,Remote,mahmoud.fariss9394@gmail.com,22,55,Careem,"IOS Developer, my current team focuses on software customizing, I had experience with iOS developing by using Swift 5 and Objective C, creating unique and moder",https://bento.me/mahmoudfares,https://github.com/knight6700,2025-12-07T17:26:25.578936,99
alexdeweert,Alex L. Deweert,Remote,alexander.deweert@gmail.com,6,52,,"BSc Computer Science (UVIC)

Frontend Developer (Vue, Angular, React)

iOS Developer (Swift)

Android Developer (Kotlin)",,https://github.com/alexdeweert,2025-12-07T17:26:26.185941,64
LucasJorgeHubert,Lucas Jorge Hubert,Remote from Brazil,lucasjhubert@gmail.com,4,7,Sysmap,Sr iOS Developer | Swift | Obj-C | SwiftUI | +5 years Experience,lukshubert.app,https://github.com/LucasJorgeHubert,2025-12-07T17:26:26.805062,15
