username,full_name,location,email,followers,public_repos,company,bio,blog,profile_url,scraped_at,talent_score
0xFortuneRust,FortuneRust,Remote,,32,29,jimmybrink112.dk@gmail.com,"Lucky rust developer...
I always have good luck on my work.",,https://github.com/0xFortuneRust,2025-12-07T17:14:11.509382,93
salman01zp,Salman Pathan,Remote,pathansalman555@gmail.com,6,59,Webb Protocol,Rust blockchain developer,,https://github.com/salman01zp,2025-12-07T17:14:12.074301,71
vladdev06231,vladdev06231,Remote,,137,33,BotBank,"_!_Full Stack & Blockchain Developer_!_ Specialized in Ethereum, Solana and Fintech, Ecommerce Industry.
Proficient in Rust.",valddev06231@gmail.com,https://github.com/vladdev06231,2025-12-07T17:14:12.602621,307
arjunchitturi,Venkata Ramana C,Remote,arjunchitturi@gmail.com,17,22,,"Full Stack Developer.
Independent ML researcher.
#Python #Rust #JavaScript #Tensorflow #PyTorch",yannce.com,https://github.com/arjunchitturi,2025-12-07T17:14:13.203353,56
PudgySol,PudgySol_Dev,Remote,,26,18,PudgyWorld,Solana Developer | Rust Trading Bots | MEV Snipers | Pump.fun Sniper Bots | DEX & On-chain Automation,,https://github.com/PudgySol,2025-12-07T17:14:13.820591,70
rnine,Ruben Nine,Remote,,33,30,Qoncept Apps,"Developer building fast, reliable tools for macOS, iOS and desktop. Rust-powered engines, clean UI, and real-world performance.",qoncept.io,https://github.com/rnine,2025-12-07T17:14:14.429286,96
girishg4t,Girish Talekar,Remote,talekar.g@gmail.com,25,39,Agora Labs India pvt. ltd.,"Open source contributor | Fullstack developer | Technology Enthusiast | work mostly on Rust, Golang, Python, K8s, Javascript, C#, Reactjs, AWS, Azure, GCP",https://girishg4t.github.io/,https://github.com/girishg4t,2025-12-07T17:14:15.041141,89
web3cryptowallet,,Remote,,4,26,Web3CryptoWallet,"Web3CryptoWallet author & founder
Developer C/C++, Rust, Swift/Objective-C
Python, JavaScript/TypeScript/NodeJS
Erlang",https://twitter.com/Web3Wallet,https://github.com/web3cryptowallet,2025-12-07T17:14:16.601651,34
